{"mpc/success_rate": 0.14, "mpc/mean_state_dist": 55.6284294128418, "mpc/mean_visual_dist": 5.187797353316326, "mpc/mean_proprio_dist": 13.22231674194336, "mpc/mean_div_visual_emb": 368.497314453125, "mpc/mean_div_proprio_emb": 1.7859551906585693, "step": 1}
