epoch,train_loss,val_loss,train_z_proprio_loss,train_standard_l2_loss,train_bisim_loss,train_bisim_z_dist,train_bisim_r_dist,train_bisim_var_loss,train_bisim_transition_dist,train_bisim_cov_reg,val_z_proprio_loss,val_standard_l2_loss,val_bisim_loss,val_bisim_z_dist,val_bisim_r_dist,val_bisim_var_loss,val_bisim_transition_dist,val_bisim_cov_reg
1,1.063959511452251,0.9208445728949781,0.3340329805182086,,0.7036882592572107,0.9829323480526606,0.021665203809324237,0.2954157418674893,1.3029775851302676,0.20483806770708826,0.2775267154540656,,0.6271207984888328,1.014063595600848,0.04463824524350886,0.22515793257164504,1.3697980799764957,0.18080288565383767
