{"_timestamp":1.776555422461517e+09,"val_bisim_z_dist":1.014063595600848,"train_bisim_loss":0.7036882592572107,"val_bisim_transition_dist":1.3697980799764957,"train_z_visual_err_rollout_1framestart":0.9414172172546387,"train_bisim_r_dist":0.021665203809324237,"train_bisim_z_dist":0.9829323480526606,"val_z_proprio_loss":0.2775267154540656,"val_bisim_loss":0.6271207984888328,"val_z_proprio_err_rollout":0.4636695086956024,"val_z_proprio_err_rollout_1framestart":0.4606876075267792,"_wandb":{"runtime":231},"train_bisim_var_loss":0.2954157418674893,"train_z_loss":0.36027125269174576,"train_bisim_dist_rollout_1framestart":7.559672212600708,"val_bisim_dist_rollout_1framestart":7.049789094924927,"val_bisim_cov_reg":0.18080288565383767,"train_z_proprio_loss":0.3340329805182086,"train_z_proprio_err_rollout_1framestart":0.4618745744228363,"train_z_visual_err_rollout":0.9229397177696228,"val_z_loss":0.29372377328152927,"val_bisim_r_dist":0.04463824524350886,"train_z_visual_loss":0.3643710138069259,"_runtime":231,"val_bisim_dist_rollout":6.820662498474121,"train_loss":1.063959511452251,"val_z_visual_err_rollout_1framestart":0.8068417906761169,"val_loss":0.9208445728949781,"train_bisim_transition_dist":1.3029775851302676,"epoch":1,"val_bisim_var_loss":0.22515793257164504,"train_z_proprio_err_rollout":0.4725182056427002,"_step":0,"train_bisim_dist_rollout":7.48804235458374,"val_z_visual_err_rollout":0.7532216906547546,"train_bisim_cov_reg":0.20483806770708826,"val_z_visual_loss":0.2962545808756126}