{"train_z_visual_err_rollout":0.26512035727500916,"_timestamp":1.776738415330774e+09,"train_z_visual_err_rollout_1framestart":0.2956240773200989,"gradients/patch_embed.bias":{"values":[1,1,0,0,0,0,0,0,0,0,0,0,0,0,1,0,1,0,0,0,0,0,0,0,0,0,0,1,0,0,1,0,0,0,0,0,0,0,0,0,0,0,0,0,0,0,0,0,0,1,0,0,0,0,0,0,0,0,1,0,0,0,0,2],"bins":[-0.0007458036416210234,-0.0007135134073905647,-0.0006812232313677669,-0.0006489329971373081,-0.0006166427629068494,-0.0005843525868840516,-0.0005520623526535928,-0.0005197721184231341,-0.0004874819132965058,-0.00045519170816987753,-0.0004229014739394188,-0.0003906112688127905,-0.00035832106368616223,-0.0003260308294557035,-0.0002937406243290752,-0.0002614503900986165,-0.0002291601849719882,-0.0001968699652934447,-0.00016457974561490119,-0.0001322895404882729,-9.99993208097294e-05,-6.770910113118589e-05,-3.5418888728599995e-05,-3.1286726880352944e-06,2.9161543352529407e-05,6.145176303107291e-05,9.374197543365881e-05,0.0001260321878362447,0.0001583224075147882,0.00019061262719333172,0.00022290283231996,0.00025519306655041873,0.0002874832134693861,0.0003197734185960144,0.0003520636528264731,0.0003843538579531014,0.00041664409218356013,0.0004489342973101884,0.0004812245024368167,0.0005135147366672754,0.0005458049708977342,0.000578095146920532,0.0006103853811509907,0.0006426756153814495,0.0006749657914042473,0.000707256025634706,0.0007395462598651648,0.0007718364358879626,0.0008041266701184213,0.00083641690434888,0.0008687070803716779,0.0009009973146021366,0.0009332875488325953,0.0009655777248553932,0.0009978680172935128,0.0010301581351086497,0.0010624483693391085,0.0010947386035695672,0.001127028837800026,0.0011593190720304847,0.0011916093062609434,0.0012238994240760803,0.001256189658306539,0.0012884798925369978,0.0013207701267674565],"_type":"histogram"},"val_z_proprio_loss":0.003032858856900964,"val_bisim_loss":0.1160263587843697,"train_z_loss":0.12166856816821986,"val_bisim_transition_dist":1.7598288531573314,"gradients/graph_1patch_embed.weight":{"bins":[-0.0026347788516432047,-0.0025562725495547056,-0.0024777662474662066,-0.0023992599453777075,-0.002320753876119852,-0.002242247574031353,-0.002163741271942854,-0.002085234969854355,-0.002006728667765856,-0.0019282223656773567,-0.0018497160635888577,-0.0017712098779156804,-0.0016927035758271813,-0.0016141972737386823,-0.001535691088065505,-0.001457184785977006,-0.0013786784838885069,-0.0013001721818000078,-0.0012216658797115088,-0.0011431596940383315,-0.0010646533919498324,-0.0009861470898613334,-0.0009076408459804952,-0.0008291346020996571,-0.000750628300011158,-0.0006721219979226589,-0.0005936157540418208,-0.0005151095101609826,-0.00043660320807248354,-0.0003580969350878149,-0.0002795906621031463,-0.0002010843891184777,-0.00012257834896445274,-4.407207597978413e-05,3.443419700488448e-05,0.0001129404699895531,0.0001914467429742217,0.0002699530159588903,0.00034845928894355893,0.00042696556192822754,0.0005054718349128962,0.0005839781370013952,0.0006624843808822334,0.0007409906247630715,0.0008194969268515706,0.0008980032289400697,0.0009765094728209078,0.001055015716701746,0.001133522018790245,0.0012120283208787441,0.0012905346229672432,0.0013690408086404204,0.0014475471107289195,0.0015260534128174186,0.0016045595984905958,0.0016830659005790949,0.001761572202667594,0.001840078504756093,0.001918584806844592,0.001997091108933091,0.0020755971781909466,0.0021541034802794456,0.0022326097823679447,0.002311116084456444,0.002389622386544943],"_type":"histogram","values":[1,0,0,0,0,1,0,0,0,0,0,0,0,1,1,0,0,0,0,0,0,1,1,0,0,0,3,2,2,1,0,2,2,0,5,1,0,1,2,2,4,1,0,0,0,3,0,0,1,0,0,0,1,0,0,0,0,0,0,0,0,0,0,1]},"val_loss":0.22087038181862742,"val_bisim_dist_rollout":3.029775881767273,"_step":2,"val_bisim_var_loss":0.005173535846208908,"train_z_proprio_err_rollout_1framestart":0.011816573329269886,"_runtime":182843.507217456,"train_z_visual_loss":0.1393292824246426,"gradients/graph_1patch_embed.bias":{"_type":"histogram","values":[1,0,0,0,0,0,0,0,0,0,0,0,0,0,0,0,0,0,0,0,1,0,0,1,0,0,0,0,0,0,0,0,0,1,0,0,0,0,0,0,0,0,0,0,0,0,1,1,0,0,1,0,0,0,0,0,0,0,1,0,1,0,0,1],"bins":[-0.00352220400236547,-0.0034402632154524326,-0.003358322661370039,-0.0032763818744570017,-0.0031944410875439644,-0.003112500300630927,-0.0030305597465485334,-0.002948618959635496,-0.002866678172722459,-0.002784737618640065,-0.002702796831727028,-0.0026208560448139906,-0.0025389152579009533,-0.0024569747038185596,-0.0023750339169055223,-0.002293093129992485,-0.0022111525759100914,-0.002129211788997054,-0.002047271002084017,-0.0019653302151709795,-0.001883389544673264,-0.0018014488741755486,-0.0017195080872625113,-0.0016375674167647958,-0.0015556267462670803,-0.001473685959354043,-0.0013917452888563275,-0.0013098045019432902,-0.0012278638314455748,-0.0011459230445325375,-0.001063982374034822,-0.0009820415871217847,-0.0009001009166240692,-0.0008181601879186928,-0.0007362194592133164,-0.00065427873050794,-0.0005723380018025637,-0.0004903973313048482,-0.0004084566025994718,-0.0003265158738940954,-0.00024457514518871903,-0.00016263441648334265,-8.069370232988149e-05,1.2470190995372832e-06,8.318774052895606e-05,0.00016512846923433244,0.00024706916883587837,0.00032900989754125476,0.00041095062624663115,0.0004928913549520075,0.0005748320836573839,0.0006567728123627603,0.0007387135410681367,0.0008206542115658522,0.0009025949402712286,0.000984535668976605,0.0010664763394743204,0.0011484171263873577,0.0012303577968850732,0.0013122985837981105,0.001394239254295826,0.0014761800412088633,0.0015581207117065787,0.001640061498619616,0.0017220021691173315]},"_wandb":{"runtime":182843},"gradients/patch_embed.weight":{"bins":[-0.0014681871980428696,-0.0014261319302022457,-0.0013840766623616219,-0.001342021394520998,-0.0012999661266803741,-0.0012579108588397503,-0.0012158555909991264,-0.0011738003231585026,-0.0011317450553178787,-0.0010896899038925767,-0.0010476346360519528,-0.001005579368211329,-0.0009635241003707051,-0.0009214688325300813,-0.0008794135646894574,-0.0008373582968488336,-0.0007953030290082097,-0.0007532477611675858,-0.000711192493326962,-0.0006691372254863381,-0.0006270819576457143,-0.0005850267480127513,-0.0005429714801721275,-0.0005009162123315036,-0.0004588609444908798,-0.0004168056766502559,-0.00037475040880963206,-0.00033269517007283866,-0.0002906399022322148,-0.00024858463439159095,-0.00020652938110288233,-0.0001644741278141737,-0.00012241874355822802,-8.036348299356177e-05,-3.830822242889553e-05,3.7470381357707083e-06,4.580229870043695e-05,8.785755926510319e-05,0.00012991281982976943,0.00017196807311847806,0.00021402334095910192,0.00025607860879972577,0.0002981338766403496,0.000340189115377143,0.0003822443832177669,0.00042429965105839074,0.00046635488979518414,0.000508410157635808,0.0005504654254764318,0.0005925206933170557,0.0006345759611576796,0.0006766312289983034,0.0007186864968389273,0.0007607417064718902,0.0008027969743125141,0.0008448522421531379,0.0008869075099937618,0.0009289627778343856,0.0009710180456750095,0.0010130732553079724,0.0010551285231485963,0.0010971837909892201,0.001139239058829844,0.0011812943266704679,0.0012233495945110917],"_type":"histogram","values":[1,1,0,0,2,0,0,1,0,3,1,1,1,2,0,1,2,0,0,1,4,0,3,3,3,0,3,0,1,2,4,1,5,3,6,1,4,4,5,2,10,3,4,1,1,2,0,2,2,0,0,1,0,0,1,0,1,0,0,0,0,0,0,1]},"val_bisim_z_dist":1.6450341625033684,"val_z_loss":0.10484402401829665,"train_loss":0.21423121256461758,"val_z_visual_loss":0.12075202476303533,"val_bisim_dist_rollout_1framestart":3.286744785308838,"train_bisim_r_dist":0.04664313393464078,"train_bisim_loss":0.09256264440121,"train_z_proprio_loss":0.008640048046600936,"train_bisim_var_loss":0.0004123258451900598,"val_z_visual_err_rollout":0.16829116642475128,"val_bisim_cov_reg":0.050784893966508364,"train_bisim_z_dist":1.816159518293335,"val_z_proprio_err_rollout":0.0053481548093259335,"val_z_proprio_err_rollout_1framestart":0.006172775756567717,"train_bisim_transition_dist":1.8719388578509968,"train_bisim_cov_reg":0.03774616899072279,"train_bisim_dist_rollout_1framestart":4.036936116218567,