{"train_z_visual_err_rollout":0.3080141246318817,"_runtime":4451,"val_bisim_cov_reg":0.12627667961817868,"val_z_proprio_err_rollout":0.10964462906122208,"train_bisim_dist_rollout":4.19690842628479,"_step":17,"train_z_visual_err_rollout_1framestart":0.30528995394706726,"train_z_proprio_loss":0.03699946308301555,"gradients/graph_1patch_embed.weight":{"values":[1,0,0,0,1,0,0,0,1,0,0,0,0,0,0,0,1,0,1,0,0,0,1,2,2,0,2,3,1,0,1,4,2,3,0,0,2,2,1,0,2,1,1,0,0,1,0,1,0,0,0,0,0,0,0,0,1,0,0,0,1,0,0,1],"bins":[-0.0012860997812822461,-0.0012459801509976387,-0.0012058604042977095,-0.001165740774013102,-0.0011256211437284946,-0.0010855015134438872,-0.0010453818831592798,-0.0010052621364593506,-0.0009651425061747432,-0.0009250228758901358,-0.0008849031873978674,-0.0008447834989055991,-0.0008046638686209917,-0.0007645442383363843,-0.000724424549844116,-0.0006843048613518476,-0.0006441852310672402,-0.0006040656007826328,-0.0005639459122903645,-0.0005238262237980962,-0.00048370659351348877,-0.0004435869341250509,-0.00040346727473661304,-0.00036334761534817517,-0.0003232279559597373,-0.00028310829657129943,-0.00024298863718286157,-0.0002028689777944237,-0.00016274931840598583,-0.00012262965901754797,-8.25099996291101e-05,-4.239034024067223e-05,-2.2705644369125366e-06,3.784909495152533e-05,7.79687543399632e-05,0.00011808841372840106,0.00015820807311683893,0.0001983277325052768,0.00023844739189371467,0.00027856705128215253,0.0003186867106705904,0.00035880637005902827,0.00039892602944746614,0.000439045688835904,0.00047916534822434187,0.0005192849785089493,0.0005594046670012176,0.0005995243554934859,0.0006396439857780933,0.0006797636160627007,0.0007198833045549691,0.0007600029930472374,0.0008001226233318448,0.0008402422536164522,0.0008803619421087205,0.0009204816306009889,0.0009606012608855963,0.0010007208911702037,0.001040840521454811,0.0010809602681547403,0.0011210798984393477,0.0011611995287239552,0.0012013192754238844,0.0012414389057084918,0.0012815585359930992],"_type":"histogram"},"val_bisim_z_dist":2.4391965191319303,"train_bisim_z_dist":1.5521348065800138,"_wandb":{"runtime":4451},"train_bisim_r_dist":0.021846821604089604,"train_bisim_dist_rollout_1framestart":4.192205715179443,"val_z_proprio_err_rollout_1framestart":0.115999735891819,"val_z_proprio_loss":0.06732611618233177,"train_bisim_loss":0.422557808789942,"train_bisim_transition_dist":1.6901318868001303,"train_bisim_cov_reg":0.15201271714435682,"val_loss":0.9525616922468509,"train_bisim_var_loss":0.1713067992693848,"val_z_visual_err_rollout_1framestart":0.3668120503425598,"val_bisim_transition_dist":2.1263239046312727,"train_z_proprio_err_rollout":0.025898510590195656,"_timestamp":1.7765549411645532e+09,"epoch":18,"gradients/patch_embed.bias":{"bins":[-0.0014459737576544285,-0.0014070292236283422,-0.0013680846896022558,-0.0013291401555761695,-0.0012901956215500832,-0.0012512510875239968,-0.0012123064370825887,-0.0011733619030565023,-0.001134417369030416,-0.0010954728350043297,-0.0010565283009782434,-0.001017583766952157,-0.0009786392329260707,-0.0009396946988999844,-0.0009007501066662371,-0.0008618055726401508,-0.0008228610386140645,-0.0007839165045879781,-0.0007449719705618918,-0.0007060273783281446,-0.0006670828443020582,-0.0006281383102759719,-0.0005891937762498856,-0.0005502492422237992,-0.0005113047081977129,-0.0004723601450677961,-0.0004334155819378793,-0.000394471047911793,-0.00035552651388570666,-0.0003165819507557899,-0.00027763741672970355,-0.000238692868151702,-0.00019974831957370043,-0.00016080377099569887,-0.00012185922969365492,-8.291468839161098e-05,-4.397013981360942e-05,-5.0255948735866696e-06,3.391895006643608e-05,7.286349136848003e-05,0.00011180803994648159,0.00015075258852448314,0.0001896971371024847,0.00022864167112857103,0.00026758620515465736,0.00030653076828457415,0.0003454753023106605,0.00038441986544057727,0.0004233643994666636,0.00046230893349274993,0.0005012534675188363,0.0005401980597525835,0.0005791425937786698,0.0006180871278047562,0.0006570316618308425,0.0006959761958569288,0.0007349207298830152,0.0007738653221167624,0.0008128098561428487,0.0008517543901689351,0.0008906989241950214,0.0009296434582211077,0.000968588050454855,0.0010075325844809413,0.0010464771185070276],"_type":"histogram","values":[1,0,0,0,0,0,0,0,0,0,0,0,1,0,0,0,0,0,0,0,0,0,0,0,0,0,1,0,0,0,0,0,0,2,0,0,0,0,0,1,0,0,0,0,1,0,0,0,0,0,0,1,0,0,0,0,0,0,0,1,0,0,0,1]},"val_bisim_r_dist":0.06051884141733062,"gradients/patch_embed.weight":{"values":[1,1,1,0,0,2,2,1,1,1,1,2,1,1,1,2,2,2,2,2,2,3,1,1,2,3,3,2,4,2,0,3,1,4,2,4,2,2,1,1,2,4,1,1,0,1,1,4,2,2,3,1,1,2,0,1,0,1,0,1,0,0,1,2],"bins":[-0.0008395491167902946,-0.0008119634003378451,-0.0007843776256777346,-0.000756791909225285,-0.0007292061345651746,-0.000701620418112725,-0.0006740347016602755,-0.000646448927000165,-0.0006188632105477154,-0.0005912774940952659,-0.0005636917194351554,-0.0005361060029827058,-0.0005085202865302563,-0.0004809345118701458,-0.00045334879541769624,-0.0004257630498614162,-0.0003981773043051362,-0.0003705915587488562,-0.00034300581319257617,-0.0003154200967401266,-0.0002878343511838466,-0.0002602486056275666,-0.0002326628746232018,-0.000205077143618837,-0.00017749139806255698,-0.00014990565250627697,-0.00012231992150191218,-9.473418322158977e-05,-6.714844494126737e-05,-3.956270666094497e-05,-1.1976968380622566e-05,1.5608769899699837e-05,4.3194449972361326e-05,7.078018825268373e-05,9.836592653300613e-05,0.00012595165753737092,0.00015353740309365094,0.00018112314864993095,0.00020870887965429574,0.00023629461065866053,0.00026388035621494055,0.00029146610177122056,0.0003190518473275006,0.00034663756377995014,0.00037422330933623016,0.0004018090548925102,0.00042939477134495974,0.00045698051690123975,0.00048456626245751977,0.0005121519789099693,0.0005397377535700798,0.0005673234700225294,0.0005949091864749789,0.0006224949611350894,0.000650080677587539,0.0006776664522476494,0.000705252168700099,0.0007328378851525486,0.000760423659812659,0.0007880093762651086,0.0008155951509252191,0.0008431808673776686,0.0008707665838301182,0.0008983523584902287,0.0009259380749426782],"_type":"histogram"},"val_z_visual_loss":0.19708445162143348,"val_bisim_dist_rollout":4.4440902948379515,"train_z_visual_loss":0.16728627433379492,"train_loss":0.5722377465830909,"train_z_loss":0.14967994019389153,"val_bisim_dist_rollout_1framestart":4.565554738044739,"gradients/graph_1patch_embed.bias":{"bins":[-0.0011202356545254588,-0.001087853917852044,-0.0010554722975939512,-0.0010230905609205365,-0.0009907089406624436,-0.0009583272039890289,-0.0009259455255232751,-0.0008935638470575213,-0.0008611821685917675,-0.0008288004901260138,-0.00079641881166026,-0.0007640371331945062,-0.0007316553965210915,-0.0006992737180553377,-0.0006668920395895839,-0.0006345103611238301,-0.0006021286826580763,-0.0005697470041923225,-0.0005373653257265687,-0.0005049836472608149,-0.00047260193969123065,-0.00044022026122547686,-0.0004078385536558926,-0.0003754568751901388,-0.000343075196724385,-0.00031069351825863123,-0.00027831183979287744,-0.0002459301322232932,-0.0002135484537575394,-0.0001811667752917856,-0.00014878508227411658,-0.00011640339653240517,-8.402159437537193e-05,-5.1639908633660525e-05,-1.9258222891949117e-05,1.312346284976229e-05,4.55051485914737e-05,7.78868343331851e-05,0.00011026852007489651,0.00014265021309256554,0.00017503189155831933,0.00020741357002407312,0.00023979526304174215,0.00027217695605941117,0.00030455863452516496,0.00033694031299091876,0.000369322020560503,0.0004017036990262568,0.0004340853774920106,0.0004664670559577644,0.0004988487344235182,0.000531230412889272,0.0005636120913550258,0.0005959938280284405,0.0006283755064941943,0.0006607571849599481,0.0006931388634257019,0.0007255205418914557,0.0007579022203572094,0.0007902838988229632,0.0008226656354963779,0.0008550473139621317,0.0008874289924278855,0.0009198106708936393,0.0009521923493593931],"_type":"histogram",