{"train_z_visual_err_rollout_1framestart":0.20259526371955872,"val_loss":0.30930394496557845,"train_bisim_dist_rollout":2.5591214895248413,"gradients/patch_embed.bias":{"_type":"histogram","values":[1,0,0,0,1,0,0,1,0,0,0,0,0,0,0,0,0,0,0,0,0,0,0,0,0,0,0,0,0,0,0,0,1,0,1,0,0,0,0,1,0,0,0,0,0,0,0,0,0,1,1,0,0,0,0,0,0,0,0,0,0,0,0,2],"bins":[-0.0004056807956658304,-0.00038717626011930406,-0.00036867172457277775,-0.00035016718902625144,-0.0003316626534797251,-0.0003131581179331988,-0.0002946535823866725,-0.0002761490468401462,-0.00025764451129361987,-0.00023913997574709356,-0.00022063544020056725,-0.00020213090465404093,-0.00018362636910751462,-0.0001651218335609883,-0.000146617298014462,-0.00012811276246793568,-0.00010960822692140937,-9.110369137488306e-05,-7.259915582835674e-05,-5.409462028183043e-05,-3.559008473530412e-05,-1.7085549188777804e-05,1.4189863577485085e-06,1.992352190427482e-05,3.8428057450801134e-05,5.693259299732745e-05,7.543712854385376e-05,9.394166409038007e-05,0.00011244619963690639,0.0001309507351834327,0.000149455270729959,0.00016795980627648532,0.00018646428361535072,0.00020496881916187704,0.00022347335470840335,0.00024197789025492966,0.000260482425801456,0.0002789869613479823,0.0002974914968945086,0.0003159960324410349,0.0003345005679875612,0.00035300510353408754,0.00037150963908061385,0.00039001417462714016,0.0004085187101736665,0.0004270232457201928,0.0004455277812667191,0.0004640323168132454,0.00048253685235977173,0.0005010414170101285,0.0005195459234528244,0.0005380504298955202,0.000556554994545877,0.0005750595591962337,0.0005935640656389296,0.0006120685720816255,0.0006305731367319822,0.000649077701382339,0.0006675822078250349,0.0006860867142677307,0.0007045912789180875,0.0007230958435684443,0.0007416003500111401,0.000760104856453836,0.0007786094211041927]},"gradients/graph_1patch_embed.weight":{"bins":[-0.0010040856432169676,-0.0009636500617489219,-0.0009232144802808762,-0.0008827788988128304,-0.0008423433173447847,-0.000801907735876739,-0.0007614721544086933,-0.0007210365729406476,-0.0006806009914726019,-0.0006401653517968953,-0.0005997297703288496,-0.0005592941888608038,-0.0005188586073927581,-0.0004784230259247124,-0.0004379874444566667,-0.000397551862988621,-0.0003571162815205753,-0.0003166807000525296,-0.00027624511858448386,-0.00023580952256452292,-0.0001953739410964772,-0.0001549383596284315,-0.00011450277088442817,-7.406718214042485e-05,-3.3631600672379136e-05,6.8039844336453825e-06,4.72395695396699e-05,8.767515828367323e-05,0.00012811073975171894,0.00016854632121976465,0.0002089819172397256,0.0002494174987077713,0.000289853080175817,0.0003302886616438627,0.00037072424311190844,0.00041115982457995415,0.00045159540604799986,0.0004920309875160456,0.0005324665689840913,0.000572902150452137,0.0006133377319201827,0.0006537733715958893,0.000694208953063935,0.0007346445345319808,0.0007750801160000265,0.0008155156974680722,0.0008559512789361179,0.0008963868604041636,0.0009368224418722093,0.000977258081547916,0.0010176936630159616,0.0010581292444840074,0.001098564825952053,0.0011390004074200988,0.0011794359888881445,0.0012198715703561902,0.001260307151824236,0.0013007427332922816,0.0013411783147603273,0.001381613896228373,0.0014220494776964188,0.0014624850591644645,0.0015029206406325102,0.001543356222100556,0.0015837918035686016],"_type":"histogram","values":[1,0,1,0,0,0,1,1,0,0,1,2,1,1,0,2,0,0,0,2,0,1,3,1,3,0,1,2,1,1,0,0,2,1,0,1,0,1,3,0,2,0,0,2,1,0,0,0,0,0,0,0,0,0,0,0,0,0,0,0,0,0,0,1]},"val_bisim_loss":0.24033768953017468,"val_bisim_transition_dist":1.7758613127582479,"gradients/graph_1patch_embed.bias":{"values":[1,0,0,0,0,0,0,0,0,0,0,0,0,1,0,0,0,1,0,0,0,0,0,0,0,1,0,0,0,0,0,0,0,0,0,0,0,0,1,0,1,0,0,0,0,0,0,0,0,0,0,0,0,1,0,0,0,0,0,0,0,0,0,3],"bins":[-0.0013481146888807416,-0.0013183027040213346,-0.0012884906027466059,-0.001258678617887199,-0.001228866633027792,-0.001199054648168385,-0.001169242663308978,-0.0011394305620342493,-0.0011096185771748424,-0.0010798065923154354,-0.0010499944910407066,-0.0010201825061812997,-0.0009903705213218927,-0.0009605585364624858,-0.0009307464933954179,-0.0009009344503283501,-0.0008711224654689431,-0.0008413104806095362,-0.0008114984375424683,-0.0007816863944754004,-0.0007518744096159935,-0.0007220624247565866,-0.0006922503816895187,-0.0006624383386224508,-0.0006326263537630439,-0.0006028143689036369,-0.0005730023258365691,-0.0005431902827695012,-0.0005133782979100943,-0.00048356628394685686,-0.00045375426998361945,-0.00042394225602038205,-0.00039413024205714464,-0.00036431822809390724,-0.00033450621413066983,-0.00030469420016743243,-0.000274882186204195,-0.0002450701722409576,-0.0002152581582777202,-0.0001854461443144828,-0.0001556341303512454,-0.000125822116388008,-9.60101024247706e-05,-6.619808846153319e-05,-3.6386074498295784e-05,-6.574060535058379e-06,2.3237953428179026e-05,5.304996739141643e-05,8.286198135465384e-05,0.00011267399531789124,0.00014248600928112864,0.00017229802324436605,0.00020211003720760345,0.00023192205117084086,0.00026173406513407826,0.00029154607909731567,0.0003213580930605531,0.0003511701070237905,0.0003809821209870279,0.0004107941349502653,0.0004406061489135027,0.0004704181628767401,0.0005002301768399775,0.0005300422199070454,0.0005598542047664523],"_type":"histogram"},"train_bisim_z_dist":1.8123469670908758,"val_bisim_var_loss":0.18621567819478377,"train_z_loss":0.0786023987475954,"val_z_visual_loss":0.07945144837195019,"val_z_proprio_loss":0.001861055761593271,"_runtime":152202,"train_loss":0.164433940940854,"train_bisim_loss":0.08583154219664223,"val_z_visual_err_rollout":0.11613152176141739,"gradients/patch_embed.weight":{"_type":"histogram","values":[1,0,0,0,0,0,1,0,3,1,2,0,2,0,1,1,1,5,1,4,2,1,2,0,3,3,2,4,4,5,1,0,1,1,0,1,2,3,5,3,3,3,3,3,2,1,5,2,1,3,2,0,0,3,0,1,0,0,1,0,0,0,0,1],"bins":[-0.0006834868108853698,-0.0006616571918129921,-0.0006398275145329535,-0.0006179978954605758,-0.0005961682763881981,-0.0005743386573158205,-0.0005525089800357819,-0.0005306793609634042,-0.0005088497418910265,-0.00048702009371481836,-0.0004651904455386102,-0.00044336082646623254,-0.0004215311782900244,-0.0003997015592176467,-0.0003778719110414386,-0.0003560422919690609,-0.00033421264379285276,-0.0003123829956166446,-0.00029055337654426694,-0.0002687237283680588,-0.0002468941092956811,-0.00022506446111947298,-0.00020323482749518007,-0.00018140519387088716,-0.00015957556024659425,-0.00013774592662230134,-0.00011591629299800843,-9.40866520977579e-05,-7.2257018473465e-05,-5.0427384849172086e-05,-2.859774758690037e-05,-6.768112143618055e-06,1.5061523299664259e-05,3.689115692395717e-05,5.8720794186228886e-05,8.05504314485006e-05,0.00010238006507279351,0.00012420970597304404,0.00014603933959733695,0.00016786897322162986,0.00018969860684592277,0.00021152824047021568,0.0002333578740945086,0.0002551875077188015,0.00027701715589500964,0.0002988467749673873,0.00032067642314359546,0.00034250604221597314,0.0003643356903921813,0.0003861653385683894,0.0004079949576407671,0.00042982460581697524,0.0004516542248893529,0.00047348387306556106,0.0004953134921379387,0.0005171431112103164,0.000538972788490355,0.0005608024075627327,0.0005826320266351104,0.000604461703915149,0.0006262913229875267,0.0006481209420599043,0.000669950561132282,0.0006917802384123206,0.0007136098574846983]},"train_bisim_r_dist":0.02062085880594917,"train_z_proprio_err_rollout":0.00886544119566679,"train_z_visual_err_rollout":0.18487203121185303,"train_bisim_cov_reg":0,"_wandb":{"runtime":152202},"val_bisim_r_dist":0.026116310214658954,"val_z_proprio_err_rollout_1framestart":0.005788497161120176,"val_bisim_dist_rollout_1framestart":2.2560484290122984,"train_z_proprio_loss":0.0047021201439081525,"val_bisim_cov_reg":0,"_timestamp":1.7769636974398491e+09,"train_z_visual_loss":0.09014932238511127,"train_bisim_var_loss":0.03702371032635162,"val_bisim_dist_rollout":2.097906994819641,"val_bisim_z_dist":1.672375865702359,"val_z_loss":0.06896625641944273,"train_z_proprio_err_rollout_1framestart":0.012898138724267483,"_step":1,