{"gradients/graph_1patch_embed.weight":{"bins":[-0.000801422051154077,-0.0007717670523561537,-0.0007421121117658913,-0.000712457112967968,-0.0006828021723777056,-0.0006531471735797822,-0.0006234921747818589,-0.0005938372341915965,-0.0005641822353936732,-0.0005345272948034108,-0.0005048722960054874,-0.00047521732631139457,-0.0004455623566173017,-0.00041590738692320883,-0.0003862523881252855,-0.00035659741843119264,-0.00032694244873709977,-0.0002972874790430069,-0.00026763250934891403,-0.00023797752510290593,-0.00020832254085689783,-0.00017866757116280496,-0.0001490126014687121,-0.00011935762449866161,-8.970264752861112e-05,-6.004767055856064e-05,-3.0392697226488963e-05,-7.377220754278824e-07,2.8917253075633198e-05,5.857223004568368e-05,8.822719973977655e-05,0.00011788217670982704,0.00014753715367987752,0.0001771921233739704,0.0002068471076199785,0.00023650207731407136,0.00026615706156007946,0.0002958120312541723,0.0003254670009482652,0.00035512197064235806,0.0003847769694402814,0.00041443193913437426,0.00044408690882846713,0.00047374187852256,0.0005033968482166529,0.0005330518470145762,0.0005627067876048386,0.0005923617864027619,0.0006220167269930243,0.0006516717257909477,0.000681326724588871,0.0007109816651791334,0.0007406366639770567,0.0007702916045673192,0.0007999466033652425,0.0008296016021631658,0.0008592565427534282,0.0008889115415513515,0.000918566482141614,0.0009482214809395373,0.0009778764797374606,0.001007531420327723,0.0010371863609179854,0.0010668414179235697,0.001096496358513832],"_type":"histogram","values":[2,1,0,0,0,0,0,0,0,0,0,0,1,0,0,2,3,1,1,0,1,1,0,3,0,1,1,0,3,0,0,1,2,1,1,2,2,1,3,0,2,0,0,1,0,0,1,0,0,0,0,0,0,1,0,0,0,0,0,0,0,0,0,1]},"gradients/graph_1patch_embed.bias":{"bins":[-0.0009274812182411551,-0.000898593629244715,-0.0008697060402482748,-0.0008408184512518346,-0.0008119308622553945,-0.0007830432732589543,-0.0007541556842625141,-0.0007252680952660739,-0.0006963805062696338,-0.0006674929172731936,-0.0006386053282767534,-0.0006097177392803133,-0.0005808301502838731,-0.0005519425612874329,-0.0005230549722909927,-0.0004941673832945526,-0.0004652797942981124,-0.0004363922053016722,-0.00040750461630523205,-0.0003786170273087919,-0.0003497294383123517,-0.00032084184931591153,-0.00029195426031947136,-0.0002630666713230312,-0.00023417908232659101,-0.00020529149333015084,-0.00017640390433371067,-0.0001475163153372705,-0.00011862872634083033,-8.974113734439015e-05,-6.085354834794998e-05,-3.196595935150981e-05,-3.078312147408724e-06,2.580927684903145e-05,5.469686584547162e-05,8.358445484191179e-05,0.00011247204383835196,0.00014135963283479214,0.0001702472218312323,0.00019913481082767248,0.00022802239982411265,0.0002569099888205528,0.000285797577816993,0.00031468516681343317,0.00034357275580987334,0.0003724603448063135,0.0004013479338027537,0.00043023552279919386,0.00045912311179563403,0.0004880107007920742,0.0005168982897885144,0.0005457858787849545,0.0005746734677813947,0.0006035610567778349,0.0006324486457742751,0.0006613362347707152,0.0006902238237671554,0.0007191114127635956,0.0007479990017600358,0.0007768865907564759,0.0008057741797529161,0.0008346617687493563,0.0008635493577457964,0.0008924369467422366,0.0009213245357386768],"_type":"histogram","values":[1,0,0,0,0,0,0,0,0,0,0,0,1,0,0,0,0,0,0,0,1,0,0,3,0,0,0,0,0,0,0,1,0,0,0,0,0,0,0,0,0,0,1,0,0,0,0,0,0,0,0,0,0,0,0,0,0,1,0,0,0,0,0,1]},"_wandb":{"runtime":2001},"_runtime":2001.657751614,"_step":0,"gradients/patch_embed.weight":{"bins":[-0.00171819725073874,-0.0016768573550507426,-0.0016355174593627453,-0.001594177563674748,-0.0015528376679867506,-0.0015114977722987533,-0.001470157876610756,-0.0014288179809227586,-0.0013874780852347612,-0.001346138189546764,-0.0013047982938587666,-0.0012634583981707692,-0.0012221185024827719,-0.0011807786067947745,-0.0011394387111067772,-0.0010980988154187799,-0.0010567589197307825,-0.0010154190240427852,-0.0009740791283547878,-0.0009327392326667905,-0.0008913993369787931,-0.0008500594412907958,-0.0008087195456027985,-0.0007673796499148011,-0.0007260397542268038,-0.0006846998585388064,-0.0006433599628508091,-0.0006020200671628118,-0.0005606801714748144,-0.0005193402757868171,-0.00047800038009881973,-0.0004366604844108224,-0.00039532058872282505,-0.0003539806930348277,-0.00031264079734683037,-0.000271300901658833,-0.00022996100597083569,-0.00018862111028283834,-0.000147281214594841,-0.00010594131890684366,-6.460142321884632e-05,-2.326152753084898e-05,1.807836815714836e-05,5.94182638451457e-05,0.00010075815953314304,0.00014209805522114038,0.00018343795090913773,0.00022477784659713507,0.0002661177422851324,0.00030745763797312975,0.0003487975336611271,0.00039013742934912443,0.00043147732503712177,0.0004728172207251191,0.0005141571164131165,0.0005554970121011138,0.0005968369077891111,0.0006381768034771085,0.0006795166991651058,0.0007208565948531032,0.0007621964905411005,0.0008035363862290978,0.0008448762819170952,0.0008862161776050925,0.0009275560732930899],"_type":"histogram","values":[1,0,0,0,0,0,0,0,0,0,0,0,0,0,0,1,0,0,1,1,0,0,3,0,1,0,1,2,1,1,3,2,0,2,2,2,5,0,2,5,3,0,3,4,4,2,4,5,5,3,8,3,3,2,0,3,1,4,1,3,1,1,0,1]},"_timestamp":1.7765498436669235e+09,"gradients/patch_embed.bias":{"values":[2,0,0,0,0,0,0,0,0,0,0,0,1,0,0,0,0,0,1,1,0,1,0,0,0,0,0,0,0,0,0,0,0,0,0,0,0,0,0,0,0,0,0,0,0,0,0,0,0,2,0,0,1,0,0,0,0,0,0,0,0,0,0,1],"bins":[-0.0009044923353940248,-0.000862938235513866,-0.0008213840774260461,-0.0007798299193382263,-0.0007382758194580674,-0.0006967217195779085,-0.0006551675614900887,-0.0006136134034022689,-0.00057205930352211,-0.0005305052036419511,-0.0004889510455541313,-0.0004473969165701419,-0.00040584278758615255,-0.0003642886586021632,-0.00032273452961817384,-0.0002811804006341845,-0.00023962627165019512,-0.00019807214266620576,-0.0001565180136822164,-0.00011496388469822705,-7.340975571423769e-05,-3.185562673024833e-05,9.698502253741026e-06,5.1252631237730384e-05,9.280676022171974e-05,0.0001343608892057091,0.00017591501818969846,0.00021746914717368782,0.0002590232761576772,0.00030057740514166653,0.0003421315341256559,0.00038368566310964525,0.0004252396756783128,0.00046679380466230214,0.0005083479336462915,0.0005499020917341113,0.0005914561916142702,0.0006330102914944291,0.0006745644495822489,0.0007161186076700687,0.0007576727075502276,0.0007992268074303865,0.0008407809655182064,0.0008823351236060262,0.0009238892234861851,0.000965443323366344,0.0010069974232465029,0.0010485516395419836,0.0010901057394221425,0.0011316598393023014,0.0011732140555977821,0.001214768155477941,0.0012563222553581,0.0012978763552382588,0.0013394304551184177,0.0013809846714138985,0.0014225387712940574,0.0014640928711742163,0.001505647087469697,0.001547201187349856,0.0015887552872300148,0.0016303093871101737,0.0016718634869903326,0.0017134177032858133,0.0017549718031659722],"_type":"histogram"}}